Model, dataset, Z-value, time, max_w, min_w, alpha, max_d, min_d, beta, locations, assignments,
csam_global(1), 1, 75103.69066830205, 7.27 seconds, 654.0, 538, 116, 540.004629609784, 0, 545.0777926131278, "[24, 59, 26, 75, 99, 53, 45, 61, 50, 87]", "{24: [0, 10, 13, 20, 38, 40, 69], 26: [3, 5, 6, 7, 8, 9, 15, 18, 22, 75, 76, 80, 90], 45: [41, 42, 43, 48, 51, 64, 68, 70], 50: [50], 53: [31, 49, 52, 53, 54, 56, 58, 59, 63], 59: [1, 2, 4, 11, 21, 23, 24, 30, 33, 34, 39, 44, 45, 55, 67], 61: [46, 47, 57, 60, 61, 62, 65, 66, 71], 75: [12, 14, 19, 25, 26, 32, 35, 72, 73, 74, 77, 79, 84, 88], 87: [78, 81, 82, 83, 85, 86, 87, 89, 91, 92, 93, 94, 99], 99: [16, 17, 27, 28, 29, 36, 37, 95, 96, 97, 98]}",
csam_global(3), 3, 36310.2808581812, "[76, 1, 4, 61, 7, 24, 82, 69, 12, 33, 66, 42, 50, 40, 52, 95, 51]", 46.66 seconds, 321, 0.0, 63, "{1: [1, 8, 28, 37, 47, 62], 4: [4, 34, 59, 69, 77], 7: [7, 23, 30, 43, 60, 65], 12: [12, 39, 53, 74, 86, 92], 24: [9, 24, 44, 93], 33: [14, 16, 46, 73, 91], 40: [21, 31, 72, 75, 87, 98], 42: [19, 27, 29, 42, 94], 50: [20, 33, 50, 54, 55, 63, 66, 80, 83], 51: [49, 51, 71, 85], 52: [26, 36, 38, 40, 52, 56, 61, 64, 68, 78], 61: [6, 13, 35, 88, 89], 66: [17, 57, 67, 84, 95, 99], 69: [11, 15, 22, 25, 32, 82], 76: [0, 2, 3, 5, 58], 82: [10, 18, 45, 70, 81, 96], 95: [41, 48, 76, 79, 90, 97]}"