Model, Dataset, Locations, Z-value, time, assignments

"sam_global(0)", Dataset0, "[13, 16]", 14949.490593327922, 0.01 seconds, "{13: [0, 1, 2, 3, 4, 10, 11, 12, 13, 14, 19], 16: [5, 6, 7, 8, 9, 15, 16, 17, 18]}"
"sam_global(1)", Dataset1, "[13, 53, 83, 75, 27, 50, 78, 65, 49, 68]", 28636.59546803705, 2.19 seconds, "{13: [0, 2, 4, 8, 13, 18, 19, 22, 23, 24, 25, 28, 39, 40, 71, 73, 84, 93], 27: [6, 7, 9, 14, 16, 17, 26, 52, 72, 95], 49: [20, 42, 43, 45, 46, 48, 49, 51, 58, 59, 66, 70, 92], 50: [10, 50, 65], 53: [1, 32, 33, 41, 53, 54, 60, 63, 74, 76, 98], 65: [15, 21, 31, 61, 62, 67], 68: [30, 34, 44, 47, 55, 56, 68, 69, 87], 75: [5, 12, 35, 36, 37, 75, 77, 80, 81, 85, 88, 90], 78: [11, 27, 29, 38, 57, 64, 78, 79, 82, 83, 89, 91, 96, 97, 99], 83: [3, 86, 94]}"



"sam_apx1(0, 90)", Dataset0, "[13, 16]", 14949.490593327922, 0.01 seconds, "{13: [0, 1, 2, 3, 4, 5, 9, 10, 11, 12, 13, 14, 15, 18, 19], 16: [6, 7, 8, 16, 17]}"
"sam_apx1(1, 90)", Dataset1, "[68, 53, 49, 13, 27, 99, 93, 90, 50, 61]", 28636.59546803705, 2.01 seconds, "{13: [5, 6, 13, 24, 27, 28, 34, 38, 39, 40, 52], 27: [7, 14, 16, 17, 26, 36, 37], 49: [4, 41, 42, 46, 47, 48, 63, 64, 67, 70, 71], 50: [30, 50], 53: [3, 51, 53, 54, 68], 61: [57, 60, 61, 62, 65, 66], 68: [0, 1, 2, 23, 25, 29, 31, 32, 33, 43, 44, 45, 49, 55, 56, 69], 90: [10, 22, 35, 73, 75, 80, 81, 88], 93: [9, 11, 12, 15, 18, 19, 20, 21, 58, 59, 72, 74, 76, 77, 79, 82, 83, 84, 85, 86, 87, 89, 90, 91, 92, 93, 94, 97, 98, 99], 99: [8, 78, 95, 96]}"
"sam_apx1(2, 90)", Dataset2, "[3, 1, 99, 71, 47, 17, 5, 52, 24, 92, 0, 32, 20, 56, 25]", 34145.919873390434, 665.44 seconds, "{0: [12, 18, 19, 53, 54, 88], 1: [1, 9, 13, 58, 75, 79, 94, 96, 97], 3: [0, 7, 28, 55, 69, 87], 5: [6, 16, 17, 21, 39, 60], 17: [5, 35, 37, 65], 20: [20, 33, 45, 49, 67, 70, 73], 24: [10, 24, 43, 50, 57, 64, 82, 84], 25: [25, 36, 61, 62, 76, 80, 81], 32: [15, 23, 29, 46, 51, 59, 91], 47: [4, 38, 47, 85, 93], 52: [8, 30, 34, 52, 83, 98], 56: [22, 31, 40, 56, 66, 77], 71: [3, 42, 48, 68, 71, 72, 92, 95], 92: [11, 14, 27, 44, 63, 78, 86, 89], 99: [2, 26, 32, 41, 74, 90, 99]}"
